scenario,probability,hub,week,demand
0,0.0625,0,0,13765
0,0.0625,0,1,14035
0,0.0625,0,2,13410
0,0.0625,0,3,14131
0,0.0625,0,4,13298
0,0.0625,0,5,13986
0,0.0625,0,6,13313
0,0.0625,0,7,14418
0,0.0625,0,8,14000
0,0.0625,0,9,13056
0,0.0625,0,10,14172
0,0.0625,0,11,14794
0,0.0625,0,12,14903
0,0.0625,0,13,15401
0,0.0625,0,14,13801
0,0.0625,0,15,13790
0,0.0625,0,16,13817
0,0.0625,0,17,15033
0,0.0625,0,18,14804
0,0.0625,0,19,14437
0,0.0625,0,20,15010
0,0.0625,0,21,14297
0,0.0625,0,22,13144
0,0.0625,0,23,13356
0,0.0625,0,24,15112
0,0.0625,0,25,15609
0,0.0625,0,26,15443
0,0.0625,0,27,14132
0,0.0625,0,28,14990
0,0.0625,0,29,13562
0,0.0625,0,30,13986
0,0.0625,0,31,14149
0,0.0625,0,32,13952
0,0.0625,0,33,12993
0,0.0625,0,34,14648
0,0.0625,0,35,13150
0,0.0625,0,36,13062
0,0.0625,0,37,15476
0,0.0625,0,38,14872
0,0.0625,0,39,17428
0,0.0625,0,40,15757
0,0.0625,0,41,17127
0,0.0625,0,42,18342
0,0.0625,0,43,16360
0,0.0625,0,44,15988
0,0.0625,0,45,16454
0,0.0625,0,46,16662
0,0.0625,0,47,17554
0,0.0625,0,48,15647
0,0.0625,0,49,16453
0,0.0625,0,50,16132
0,0.0625,0,51,16265
0,0.0625,1,0,11514
0,0.0625,1,1,12646
0,0.0625,1,2,12910
0,0.0625,1,3,13272
0,0.0625,1,4,13699
0,0.0625,1,5,12776
0,0.0625,1,6,12350
0,0.0625,1,7,12587
0,0.0625,1,8,12331
0,0.0625,1,9,12791
0,0.0625,1,10,12746
0,0.0625,1,11,12116
0,0.0625,1,12,12314
0,0.0625,1,13,11364
0,0.0625,1,14,11755
0,0.0625,1,15,10807
0,0.0625,1,16,11823
0,0.0625,1,17,11852
0,0.0625,1,18,11806
0,0.0625,1,19,11401
0,0.0625,1,20,11158
0,0.0625,1,21,11204
0,0.0625,1,22,12217
0,0.0625,1,23,11983
0,0.0625,1,24,11307
0,0.0625,1,25,11638
0,0.0625,1,26,9277
0,0.0625,1,27,10075
0,0.0625,1,28,9808
0,0.0625,1,29,9943
0,0.0625,1,30,9526
0,0.0625,1,31,9565
0,0.0625,1,32,9746
0,0.0625,1,33,8826
0,0.0625,1,34,9518
0,0.0625,1,35,9767
0,0.0625,1,36,9498
0,0.0625,1,37,9123
0,0.0625,1,38,9254
0,0.0625,1,39,8704
0,0.0625,1,40,8026
0,0.0625,1,41,8067
0,0.0625,1,42,8579
0,0.0625,1,43,8253
0,0.0625,1,44,8765
0,0.0625,1,45,8533
0,0.0625,1,46,8183
0,0.0625,1,47,7689
0,0.0625,1,48,8895
0,0.0625,1,49,8428
0,0.0625,1,50,8660
0,0.0625,1,51,8017
0,0.0625,2,0,33051
0,0.0625,2,1,34231
0,0.0625,2,2,35428
0,0.0625,2,3,35197
0,0.0625,2,4,34361
0,0.0625,2,5,33262
0,0.0625,2,6,33623
0,0.0625,2,7,34440
0,0.0625,2,8,34106
0,0.0625,2,9,33475
0,0.0625,2,10,39830
0,0.0625,2,11,34641
0,0.0625,2,12,35190
0,0.0625,2,13,36253
0,0.0625,2,14,36555
0,0.0625,2,15,32095
0,0.0625,2,16,35157
0,0.0625,2,17,35706
0,0.0625,2,18,34544
0,0.0625,2,19,33325
0,0.0625,2,20,34668
0,0.0625,2,21,35337
0,0.0625,2,22,34098
0,0.0625,2,23,32747
0,0.0625,2,24,35744
0,0.0625,2,25,34136
0,0.0625,2,26,30939
0,0.0625,2,27,29836
0,0.0625,2,28,27806
0,0.0625,2,29,31304
0,0.0625,2,30,30477
0,0.0625,2,31,29795
0,0.0625,2,32,31746
0,0.0625,2,33,31362
0,0.0625,2,34,29870
0,0.0625,2,35,32473
0,0.0625,2,36,30839
0,0.0625,2,37,28350
0,0.0625,2,38,30245
0,0.0625,2,39,29079
0,0.0625,2,40,32846
0,0.0625,2,41,32426
0,0.0625,2,42,34331
0,0.0625,2,43,33322
0,0.0625,2,44,32805
0,0.0625,2,45,30922
0,0.0625,2,46,32702
0,0.0625,2,47,33236
0,0.0625,2,48,30827
0,0.0625,2,49,33670
0,0.0625,2,50,31765
0,0.0625,2,51,29734
1,0.0625,0,0,13765
1,0.0625,0,1,14035
1,0.0625,0,2,13410
1,0.0625,0,3,14131
1,0.0625,0,4,13298
1,0.0625,0,5,13986
1,0.0625,0,6,13313
1,0.0625,0,7,14418
1,0.0625,0,8,14000
1,0.0625,0,9,13056
1,0.0625,0,10,14172
1,0.0625,0,11,14794
1,0.0625,0,12,14903
1,0.0625,0,13,15401
1,0.0625,0,14,13801
1,0.0625,0,15,13790
1,0.0625,0,16,13817
1,0.0625,0,17,15033
1,0.0625,0,18,14804
1,0.0625,0,19,14437
1,0.0625,0,20,15010
1,0.0625,0,21,14297
1,0.0625,0,22,13144
1,0.0625,0,23,13356
1,0.0625,0,24,15112
1,0.0625,0,25,15609
1,0.0625,0,26,15443
1,0.0625,0,27,14132
1,0.0625,0,28,14990
1,0.0625,0,29,13562
1,0.0625,0,30,13986
1,0.0625,0,31,14149
1,0.0625,0,32,13952
1,0.0625,0,33,12993
1,0.0625,0,34,14648
1,0.0625,0,35,13150
1,0.0625,0,36,13062
1,0.0625,0,37,15476
1,0.0625,0,38,14872
1,0.0625,0,39,17139
1,0.0625,0,40,15842
1,0.0625,0,41,18710
1,0.0625,0,42,18389
1,0.0625,0,43,17727
1,0.0625,0,44,16367
1,0.0625,0,45,17424
1,0.0625,0,46,16020
1,0.0625,0,47,17554
1,0.0625,0,48,17981
1,0.0625,0,49,16339
1,0.0625,0,50,18037
1,0.0625,0,51,18459
1,0.0625,1,0,11514
1,0.0625,1,1,12646
1,0.0625,1,2,12910
1,0.0625,1,3,13272
1,0.0625,1,4,13699
1,0.0625,1,5,12776
1,0.0625,1,6,12350
1,0.0625,1,7,12587
1,0.0625,1,8,12331
1,0.0625,1,9,12791
1,0.0625,1,10,12746
1,0.0625,1,11,12116
1,0.0625,1,12,12314
1,0.0625,1,13,11364
1,0.0625,1,14,11755
1,0.0625,1,15,10807
1,0.0625,1,16,11823
1,0.0625,1,17,11852
1,0.0625,1,18,11806
1,0.0625,1,19,11401
1,0.0625,1,20,11158
1,0.0625,1,21,11204
1,0.0625,1,22,12217
1,0.0625,1,23,11983
1,0.0625,1,24,11307
1,0.0625,1,25,11638
1,0.0625,1,26,9277
1,0.0625,1,27,10075
1,0.0625,1,28,9808
1,0.0625,1,29,9943
1,0.0625,1,30,9526
1,0.0625,1,31,9565
1,0.0625,1,32,9746
1,0.0625,1,33,8826
1,0.0625,1,34,9518
1,0.0625,1,35,9767
1,0.0625,1,36,9498
1,0.0625,1,37,9123
1,0.0625,1,38,9254
1,0.0625,1,39,7812
1,0.0625,1,40,7842
1,0.0625,1,41,7778
1,0.0625,1,42,8228
1,0.0625,1,43,7764
1,0.0625,1,44,8181
1,0.0625,1,45,8260
1,0.0625,1,46,8774
1,0.0625,1,47,8783
1,0.0625,1,48,8754
1,0.0625,1,49,8618
1,0.0625,1,50,8815
1,0.0625,1,51,8682
1,0.0625,2,0,33051
1,0.0625,2,1,34231
1,0.0625,2,2,35428
1,0.0625,2,3,35197
1,0.0625,2,4,34361
1,0.0625,2,5,33262
1,0.0625,2,6,33623
1,0.0625,2,7,34440
1,0.0625,2,8,34106
1,0.0625,2,9,33475
1,0.0625,2,10,39830
1,0.0625,2,11,34641
1,0.0625,2,12,35190
1,0.0625,2,13,36253
1,0.0625,2,14,36555
1,0.0625,2,15,32095
1,0.0625,2,16,35157
1,0.0625,2,17,35706
1,0.0625,2,18,34544
1,0.0625,2,19,33325
1,0.0625,2,20,34668
1,0.0625,2,21,35337
1,0.0625,2,22,34098
1,0.0625,2,23,32747
1,0.0625,2,24,35744
1,0.0625,2,25,34136
1,0.0625,2,26,30939
1,0.0625,2,27,29836
1,0.0625,2,28,27806
1,0.0625,2,29,31304
1,0.0625,2,30,30477
1,0.0625,2,31,29795
1,0.0625,2,32,31746
1,0.0625,2,33,31362
1,0.0625,2,34,29870
1,0.0625,2,35,32473
1,0.0625,2,36,30839
1,0.0625,2,37,28350
1,0.0625,2,38,30245
1,0.0625,2,39,33429
1,0.0625,2,40,31912
1,0.0625,2,41,33742
1,0.0625,2,42,30913
1,0.0625,2,43,30306
1,0.0625,2,44,33338
1,0.0625,2,45,32596
1,0.0625,2,46,30992
1,0.0625,2,47,29662
1,0.0625,2,48,28865
1,0.0625,2,49,29752
1,0.0625,2,50,33657
1,0.0625,2,51,34284
2,0.0625,0,0,13765
2,0.0625,0,1,14035
2,0.0625,0,2,13410
2,0.0625,0,3,14131
2,0.0625,0,4,13298
2,0.0625,0,5,13986
2,0.0625,0,6,13313
2,0.0625,0,7,14418
2,0.0625,0,8,14000
2,0.0625,0,9,13056
2,0.0625,0,10,14172
2,0.0625,0,11,14794
2,0.0625,0,12,14903
2,0.0625,0,13,15401
2,0.0625,0,14,13801
2,0.0625,0,15,13790
2,0.0625,0,16,13817
2,0.0625,0,17,15033
2,0.0625,0,18,14804
2,0.0625,0,19,14437
2,0.0625,0,20,15010
2,0.0625,0,21,14297
2,0.0625,0,22,13144
2,0.0625,0,23,13356
2,0.0625,0,24,15112
2,0.0625,0,25,15609
2,0.0625,0,26,13516
2,0.0625,0,27,14156
2,0.0625,0,28,12619
2,0.0625,0,29,13872
2,0.0625,0,30,13611
2,0.0625,0,31,12985
2,0.0625,0,32,14697
2,0.0625,0,33,14258
2,0.0625,0,34,14382
2,0.0625,0,35,12876
2,0.0625,0,36,14373
2,0.0625,0,37,13892
2,0.0625,0,38,12130
2,0.0625,0,39,8548
2,0.0625,0,40,9109
2,0.0625,0,41,9145
2,0.0625,0,42,9205
2,0.0625,0,43,8347
2,0.0625,0,44,8544
2,0.0625,0,45,9019
2,0.0625,0,46,8672
2,0.0625,0,47,9005
2,0.0625,0,48,8678
2,0.0625,0,49,8035
2,0.0625,0,50,8748
2,0.0625,0,51,8746
2,0.0625,1,0,11514
2,0.0625,1,1,12646
2,0.0625,1,2,12910
2,0.0625,1,3,13272
2,0.0625,1,4,13699
2,0.0625,1,5,12776
2,0.0625,1,6,12350
2,0.0625,1,7,12587
2,0.0625,1,8,12331
2,0.0625,1,9,12791
2,0.0625,1,10,12746
2,0.0625,1,11,12116
2,0.0625,1,12,12314
2,0.0625,1,13,11364
2,0.0625,1,14,11755
2,0.0625,1,15,10807
2,0.0625,1,16,11823
2,0.0625,1,17,11852
2,0.0625,1,18,11806
2,0.0625,1,19,11401
2,0.0625,1,20,11158
2,0.0625,1,21,11204
2,0.0625,1,22,12217
2,0.0625,1,23,11983
2,0.0625,1,24,11307
2,0.0625,1,25,11638
2,0.0625,1,26,9151
2,0.0625,1,27,9423
2,0.0625,1,28,9087
2,0.0625,1,29,9886
2,0.0625,1,30,9779
2,0.0625,1,31,10261
2,0.0625,1,32,9724
2,0.0625,1,33,9712
2,0.0625,1,34,9672
2,0.0625,1,35,9402
2,0.0625,1,36,10256
2,0.0625,1,37,10015
2,0.0625,1,38,8974
2,0.0625,1,39,9077
2,0.0625,1,40,9676
2,0.0625,1,41,9809
2,0.0625,1,42,9259
2,0.0625,1,43,9644
2,0.0625,1,44,9728
2,0.0625,1,45,10037
2,0.0625,1,46,10621
2,0.0625,1,47,10317
2,0.0625,1,48,9607
2,0.0625,1,49,10347
2,0.0625,1,50,9944
2,0.0625,1,51,10258
2,0.0625,2,0,33051
2,0.0625,2,1,34231
2,0.0625,2,2,35428
2,0.0625,2,3,35197
2,0.0625,2,4,34361
2,0.0625,2,5,33262
2,0.0625,2,6,33623
2,0.0625,2,7,34440
2,0.0625,2,8,34106
2,0.0625,2,9,33475
2,0.0625,2,10,39830
2,0.0625,2,11,34641
2,0.0625,2,12,35190
2,0.0625,2,13,36253
2,0.0625,2,14,36555
2,0.0625,2,15,32095
2,0.0625,2,16,35157
2,0.0625,2,17,35706
2,0.0625,2,18,34544
2,0.0625,2,19,33325
2,0.0625,2,20,34668
2,0.0625,2,21,35337
2,0.0625,2,22,34098
2,0.0625,2,23,32747
2,0.0625,2,24,35744
2,0.0625,2,25,34136
2,0.0625,2,26,32750
2,0.0625,2,27,30468
2,0.0625,2,28,30003
2,0.0625,2,29,29768
2,0.0625,2,30,30768
2,0.0625,2,31,29223
2,0.0625,2,32,31288
2,0.0625,2,33,29332
2,0.0625,2,34,31152
2,0.0625,2,35,29771
2,0.0625,2,36,27834
2,0.0625,2,37,29337
2,0.0625,2,38,30649
2,0.0625,2,39,24721
2,0.0625,2,40,27070
2,0.0625,2,41,27969
2,0.0625,2,42,28669
2,0.0625,2,43,26713
2,0.0625,2,44,25762
2,0.0625,2,45,29162
2,0.0625,2,46,29337
2,0.0625,2,47,25978
2,0.0625,2,48,28060
2,0.0625,2,49,29258
2,0.0625,2,50,25686
2,0.0625,2,51,26397
3,0.0625,0,0,13765
3,0.0625,0,1,14035
3,0.0625,0,2,13410
3,0.0625,0,3,14131
3,0.0625,0,4,13298
3,0.0625,0,5,13986
3,0.0625,0,6,13313
3,0.0625,0,7,14418
3,0.0625,0,8,14000
3,0.0625,0,9,13056
3,0.0625,0,10,14172
3,0.0625,0,11,14794
3,0.0625,0,12,14903
3,0.0625,0,13,15401
3,0.0625,0,14,13801
3,0.0625,0,15,13790
3,0.0625,0,16,13817
3,0.0625,0,17,15033
3,0.0625,0,18,14804
3,0.0625,0,19,14437
3,0.0625,0,20,15010
3,0.0625,0,21,14297
3,0.0625,0,22,13144
3,0.0625,0,23,13356
3,0.0625,0,24,15112
3,0.0625,0,25,15609
3,0.0625,0,26,13516
3,0.0625,0,27,14156
3,0.0625,0,28,12619
3,0.0625,0,29,13872
3,0.0625,0,30,13611
3,0.0625,0,31,12985
3,0.0625,0,32,14697
3,0.0625,0,33,14258
3,0.0625,0,34,14382
3,0.0625,0,35,12876
3,0.0625,0,36,14373
3,0.0625,0,37,13892
3,0.0625,0,38,12130
3,0.0625,0,39,8659
3,0.0625,0,40,8019
3,0.0625,0,41,8892
3,0.0625,0,42,8928
3,0.0625,0,43,8473
3,0.0625,0,44,9910
3,0.0625,0,45,8329
3,0.0625,0,46,7802
3,0.0625,0,47,8503
3,0.0625,0,48,8824
3,0.0625,0,49,8048
3,0.0625,0,50,8929
3,0.0625,0,51,8323
3,0.0625,1,0,11514
3,0.0625,1,1,12646
3,0.0625,1,2,12910
3,0.0625,1,3,13272
3,0.0625,1,4,13699
3,0.0625,1,5,12776
3,0.0625,1,6,12350
3,0.0625,1,7,12587
3,0.0625,1,8,12331
3,0.0625,1,9,12791
3,0.0625,1,10,12746
3,0.0625,1,11,12116
3,0.0625,1,12,12314
3,0.0625,1,13,11364
3,0.0625,1,14,11755
3,0.0625,1,15,10807
3,0.0625,1,16,11823
3,0.0625,1,17,11852
3,0.0625,1,18,11806
3,0.0625,1,19,11401
3,0.0625,1,20,11158
3,0.0625,1,21,11204
3,0.0625,1,22,12217
3,0.0625,1,23,11983
3,0.0625,1,24,11307
3,0.0625,1,25,11638
3,0.0625,1,26,9151
3,0.0625,1,27,9423
3,0.0625,1,28,9087
3,0.0625,1,29,9886
3,0.0625,1,30,9779
3,0.0625,1,31,10261
3,0.0625,1,32,9724
3,0.0625,1,33,9712
3,0.0625,1,34,9672
3,0.0625,1,35,9402
3,0.0625,1,36,10256
3,0.0625,1,37,10015
3,0.0625,1,38,8974
3,0.0625,1,39,9343
3,0.0625,1,40,10443
3,0.0625,1,41,9578
3,0.0625,1,42,9944
3,0.0625,1,43,10688
3,0.0625,1,44,9228
3,0.0625,1,45,11350
3,0.0625,1,46,9954
3,0.0625,1,47,10925
3,0.0625,1,48,9818
3,0.0625,1,49,10235
3,0.0625,1,50,9581
3,0.0625,1,51,9733
3,0.0625,2,0,33051
3,0.0625,2,1,34231
3,0.0625,2,2,35428
3,0.0625,2,3,35197
3,0.0625,2,4,34361
3,0.0625,2,5,33262
3,0.0625,2,6,33623
3,0.0625,2,7,34440
3,0.0625,2,8,34106
3,0.0625,2,9,33475
3,0.0625,2,10,39830
3,0.0625,2,11,34641
3,0.0625,2,12,35190
3,0.0625,2,13,36253
3,0.0625,2,14,36555
3,0.0625,2,15,32095
3,0.0625,2,16,35157
3,0.0625,2,17,35706
3,0.0625,2,18,34544
3,0.0625,2,19,33325
3,0.0625,2,20,34668
3,0.0625,2,21,35337
3,0.0625,2,22,34098
3,0.0625,2,23,32747
3,0.0625,2,24,35744
3,0.0625,2,25,34136
3,0.0625,2,26,32750
3,0.0625,2,27,30468
3,0.0625,2,28,30003
3,0.0625,2,29,29768
3,0.0625,2,30,30768
3,0.0625,2,31,29223
3,0.0625,2,32,31288
3,0.0625,2,33,29332
3,0.0625,2,34,31152
3,0.0625,2,35,29771
3,0.0625,2,36,27834
3,0.0625,2,37,29337
3,0.0625,2,38,30649
3,0.0625,2,39,28012
3,0.0625,2,40,27824
3,0.0625,2,41,25285
3,0.0625,2,42,25639
3,0.0625,2,43,29394
3,0.0625,2,44,26907
3,0.0625,2,45,28937
3,0.0625,2,46,28611
3,0.0625,2,47,28916
3,0.0625,2,48,27090
3,0.0625,2,49,26666
3,0.0625,2,50,27938
3,0.0625,2,51,28109
4,0.0625,0,0,13765
4,0.0625,0,1,14035
4,0.0625,0,2,13410
4,0.0625,0,3,14131
4,0.0625,0,4,13298
4,0.0625,0,5,13986
4,0.0625,0,6,13313
4,0.0625,0,7,14418
4,0.0625,0,8,14000
4,0.0625,0,9,13056
4,0.0625,0,10,14172
4,0.0625,0,11,14794
4,0.0625,0,12,14903
4,0.0625,0,13,13509
4,0.0625,0,14,14112
4,0.0625,0,15,14168
4,0.0625,0,16,14493
4,0.0625,0,17,13651
4,0.0625,0,18,14128
4,0.0625,0,19,14451
4,0.0625,0,20,15527
4,0.0625,0,21,13466
4,0.0625,0,22,14002
4,0.0625,0,23,14243
4,0.0625,0,24,14552
4,0.0625,0,25,14060
4,0.0625,0,26,13946
4,0.0625,0,27,14055
4,0.0625,0,28,11797
4,0.0625,0,29,13651
4,0.0625,0,30,13883
4,0.0625,0,31,14423
4,0.0625,0,32,13403
4,0.0625,0,33,14421
4,0.0625,0,34,13973
4,0.0625,0,35,15089
4,0.0625,0,36,14006
4,0.0625,0,37,13622
4,0.0625,0,38,14267
4,0.0625,0,39,10142
4,0.0625,0,40,9272
4,0.0625,0,41,8987
4,0.0625,0,42,8875
4,0.0625,0,43,8431
4,0.0625,0,44,9755
4,0.0625,0,45,9443
4,0.0625,0,46,10270
4,0.0625,0,47,9681
4,0.0625,0,48,8722
4,0.0625,0,49,9848
4,0.0625,0,50,9701
4,0.0625,0,51,9253
4,0.0625,1,0,11514
4,0.0625,1,1,12646
4,0.0625,1,2,12910
4,0.0625,1,3,13272
4,0.0625,1,4,13699
4,0.0625,1,5,12776
4,0.0625,1,6,12350
4,0.0625,1,7,12587
4,0.0625,1,8,12331
4,0.0625,1,9,12791
4,0.0625,1,10,12746
4,0.0625,1,11,12116
4,0.0625,1,12,12314
4,0.0625,1,13,11676
4,0.0625,1,14,12563
4,0.0625,1,15,11746
4,0.0625,1,16,10937
4,0.0625,1,17,10544
4,0.0625,1,18,11521
4,0.0625,1,19,11732
4,0.0625,1,20,11149
4,0.0625,1,21,11817
4,0.0625,1,22,12218
4,0.0625,1,23,12087
4,0.0625,1,24,12773
4,0.0625,1,25,11608
4,0.0625,1,26,11697
4,0.0625,1,27,11518
4,0.0625,1,28,10288
4,0.0625,1,29,10447
4,0.0625,1,30,11341
4,0.0625,1,31,11384
4,0.0625,1,32,11760
4,0.0625,1,33,11218
4,0.0625,1,34,11486
4,0.0625,1,35,11305
4,0.0625,1,36,11650
4,0.0625,1,37,10706
4,0.0625,1,38,11342
4,0.0625,1,39,9868
4,0.0625,1,40,9321
4,0.0625,1,41,9728
4,0.0625,1,42,9963
4,0.0625,1,43,9994
4,0.0625,1,44,9835
4,0.0625,1,45,9941
4,0.0625,1,46,9798
4,0.0625,1,47,10027
4,0.0625,1,48,10496
4,0.0625,1,49,10197
4,0.0625,1,50,10972
4,0.0625,1,51,8940
4,0.0625,2,0,33051
4,0.0625,2,1,34231
4,0.0625,2,2,35428
4,0.0625,2,3,35197
4,0.0625,2,4,34361
4,0.0625,2,5,33262
4,0.0625,2,6,33623
4,0.0625,2,7,34440
4,0.0625,2,8,34106
4,0.0625,2,9,33475
4,0.0625,2,10,39830
4,0.0625,2,11,34641
4,0.0625,2,12,35190
4,0.0625,2,13,30583
4,0.0625,2,14,33042
4,0.0625,2,15,32439
4,0.0625,2,16,33138
4,0.0625,2,17,35134
4,0.0625,2,18,34620
4,0.0625,2,19,33470
4,0.0625,2,20,36335
4,0.0625,2,21,36186
4,0.0625,2,22,34256
4,0.0625,2,23,30940
4,0.0625,2,24,35403
4,0.0625,2,25,33468
4,0.0625,2,26,32927
4,0.0625,2,27,33295
4,0.0625,2,28,32983
4,0.0625,2,29,32744
4,0.0625,2,30,31794
4,0.0625,2,31,31623
4,0.0625,2,32,32409
4,0.0625,2,33,29779
4,0.0625,2,34,32682
4,0.0625,2,35,34079
4,0.0625,2,36,34340
4,0.0625,2,37,35295
4,0.0625,2,38,32745
4,0.0625,2,39,27971
4,0.0625,2,40,31831
4,0.0625,2,41,30510
4,0.0625,2,42,31431
4,0.0625,2,43,28226
4,0.0625,2,44,29124
4,0.0625,2,45,29275
4,0.0625,2,46,29028
4,0.0625,2,47,26178
4,0.0625,2,48,28708
4,0.0625,2,49,28737
4,0.0625,2,50,30187
4,0.0625,2,51,31053
5,0.0625,0,0,13765
5,0.0625,0,1,14035
5,0.0625,0,2,13410
5,0.0625,0,3,14131
5,0.0625,0,4,13298
5,0.0625,0,5,13986
5,0.0625,0,6,13313
5,0.0625,0,7,14418
5,0.0625,0,8,14000
5,0.0625,0,9,13056
5,0.0625,0,10,14172
5,0.0625,0,11,14794
5,0.0625,0,12,14903
5,0.0625,0,13,13509
5,0.0625,0,14,14112
5,0.0625,0,15,14168
5,0.0625,0,16,14493
5,0.0625,0,17,13651
5,0.0625,0,18,14128
5,0.0625,0,19,14451
5,0.0625,0,20,15527
5,0.0625,0,21,13466
5,0.0625,0,22,14002
5,0.0625,0,23,14243
5,0.0625,0,24,14552
5,0.0625,0,25,14060
5,0.0625,0,26,13946
5,0.0625,0,27,14055
5,0.0625,0,28,11797
5,0.0625,0,29,13651
5,0.0625,0,30,13883
5,0.0625,0,31,14423
5,0.0625,0,32,13403
5,0.0625,0,33,14421
5,0.0625,0,34,13973
5,0.0625,0,35,15089
5,0.0625,0,36,14006
5,0.0625,0,37,13622
5,0.0625,0,38,14267
5,0.0625,0,39,9029
5,0.0625,0,40,9882
5,0.0625,0,41,9378
5,0.0625,0,42,9842
5,0.0625,0,43,9927
5,0.0625,0,44,9549
5,0.0625,0,45,9184
5,0.0625,0,46,9448
5,0.0625,0,47,9039
5,0.0625,0,48,9370
5,0.0625,0,49,9833
5,0.0625,0,50,9209
5,0.0625,0,51,9872
5,0.0625,1,0,11514
5,0.0625,1,1,12646
5,0.0625,1,2,12910
5,0.0625,1,3,13272
5,0.0625,1,4,13699
5,0.0625,1,5,12776
5,0.0625,1,6,12350
5,0.0625,1,7,12587
5,0.0625,1,8,12331
5,0.0625,1,9,12791
5,0.0625,1,10,12746
5,0.0625,1,11,12116
5,0.0625,1,12,12314
5,0.0625,1,13,11676
5,0.0625,1,14,12563
5,0.0625,1,15,11746
5,0.0625,1,16,10937
5,0.0625,1,17,10544
5,0.0625,1,18,11521
5,0.0625,1,19,11732
5,0.0625,1,20,11149
5,0.0625,1,21,11817
5,0.0625,1,22,12218
5,0.0625,1,23,12087
5,0.0625,1,24,12773
5,0.0625,1,25,11608
5,0.0625,1,26,11697
5,0.0625,1,27,11518
5,0.0625,1,28,10288
5,0.0625,1,29,10447
5,0.0625,1,30,11341
5,0.0625,1,31,11384
5,0.0625,1,32,11760
5,0.0625,1,33,11218
5,0.0625,1,34,11486
5,0.0625,1,35,11305
5,0.0625,1,36,11650
5,0.0625,1,37,10706
5,0.0625,1,38,11342
5,0.0625,1,39,9771
5,0.0625,1,40,10096
5,0.0625,1,41,10079
5,0.0625,1,42,10015
5,0.0625,1,43,10201
5,0.0625,1,44,10235
5,0.0625,1,45,9981
5,0.0625,1,46,10002
5,0.0625,1,47,9791
5,0.0625,1,48,10040
5,0.0625,1,49,9364
5,0.0625,1,50,9990
5,0.0625,1,51,9986
5,0.0625,2,0,33051
5,0.0625,2,1,34231
5,0.0625,2,2,35428
5,0.0625,2,3,35197
5,0.0625,2,4,34361
5,0.0625,2,5,33262
5,0.0625,2,6,33623
5,0.0625,2,7,34440
5,0.0625,2,8,34106
5,0.0625,2,9,33475
5,0.0625,2,10,39830
5,0.0625,2,11,34641
5,0.0625,2,12,35190
5,0.0625,2,13,30583
5,0.0625,2,14,33042
5,0.0625,2,15,32439
5,0.0625,2,16,33138
5,0.0625,2,17,35134
5,0.0625,2,18,34620
5,0.0625,2,19,33470
5,0.0625,2,20,36335
5,0.0625,2,21,36186
5,0.0625,2,22,34256
5,0.0625,2,23,30940
5,0.0625,2,24,35403
5,0.0625,2,25,33468
5,0.0625,2,26,32927
5,0.0625,2,27,33295
5,0.0625,2,28,32983
5,0.0625,2,29,32744
5,0.0625,2,30,31794
5,0.0625,2,31,31623
5,0.0625,2,32,32409
5,0.0625,2,33,29779
5,0.0625,2,34,32682
5,0.0625,2,35,34079
5,0.0625,2,36,34340
5,0.0625,2,37,35295
5,0.0625,2,38,32745
5,0.0625,2,39,29832
5,0.0625,2,40,27318
5,0.0625,2,41,28152
5,0.0625,2,42,28714
5,0.0625,2,43,30216
5,0.0625,2,44,29034
5,0.0625,2,45,29434
5,0.0625,2,46,29321
5,0.0625,2,47,30570
5,0.0625,2,48,26513
5,0.0625,2,49,27957
5,0.0625,2,50,28869
5,0.0625,2,51,29989
6,0.0625,0,0,13765
6,0.0625,0,1,14035
6,0.0625,0,2,13410
6,0.0625,0,3,14131
6,0.0625,0,4,13298
6,0.0625,0,5,13986
6,0.0625,0,6,13313
6,0.0625,0,7,14418
6,0.0625,0,8,14000
6,0.0625,0,9,13056
6,0.0625,0,10,14172
6,0.0625,0,11,14794
6,0.0625,0,12,14903
6,0.0625,0,13,13509
6,0.0625,0,14,14112
6,0.0625,0,15,14168
6,0.0625,0,16,14493
6,0.0625,0,17,13651
6,0.0625,0,18,14128
6,0.0625,0,19,14451
6,0.0625,0,20,15527
6,0.0625,0,21,13466
6,0.0625,0,22,14002
6,0.0625,0,23,14243
6,0.0625,0,24,14552
6,0.0625,0,25,14060
6,0.0625,0,26,13966
6,0.0625,0,27,13469
6,0.0625,0,28,13635
6,0.0625,0,29,13443
6,0.0625,0,30,12869
6,0.0625,0,31,13788
6,0.0625,0,32,14458
6,0.0625,0,33,13890
6,0.0625,0,34,14515
6,0.0625,0,35,14082
6,0.0625,0,36,12715
6,0.0625,0,37,13180
6,0.0625,0,38,12923
6,0.0625,0,39,13183
6,0.0625,0,40,12425
6,0.0625,0,41,11674
6,0.0625,0,42,12134
6,0.0625,0,43,13314
6,0.0625,0,44,12418
6,0.0625,0,45,11993
6,0.0625,0,46,10895
6,0.0625,0,47,11280
6,0.0625,0,48,12701
6,0.0625,0,49,12209
6,0.0625,0,50,12425
6,0.0625,0,51,13252
6,0.0625,1,0,11514
6,0.0625,1,1,12646
6,0.0625,1,2,12910
6,0.0625,1,3,13272
6,0.0625,1,4,13699
6,0.0625,1,5,12776
6,0.0625,1,6,12350
6,0.0625,1,7,12587
6,0.0625,1,8,12331
6,0.0625,1,9,12791
6,0.0625,1,10,12746
6,0.0625,1,11,12116
6,0.0625,1,12,12314
6,0.0625,1,13,11676
6,0.0625,1,14,12563
6,0.0625,1,15,11746
6,0.0625,1,16,10937
6,0.0625,1,17,10544
6,0.0625,1,18,11521
6,0.0625,1,19,11732
6,0.0625,1,20,11149
6,0.0625,1,21,11817
6,0.0625,1,22,12218
6,0.0625,1,23,12087
6,0.0625,1,24,12773
6,0.0625,1,25,11608
6,0.0625,1,26,11665
6,0.0625,1,27,11739
6,0.0625,1,28,11931
6,0.0625,1,29,12697
6,0.0625,1,30,11394
6,0.0625,1,31,10539
6,0.0625,1,32,12416
6,0.0625,1,33,11135
6,0.0625,1,34,12850
6,0.0625,1,35,12465
6,0.0625,1,36,11166
6,0.0625,1,37,10946
6,0.0625,1,38,11559
6,0.0625,1,39,14956
6,0.0625,1,40,13392
6,0.0625,1,41,13617
6,0.0625,1,42,15472
6,0.0625,1,43,14783
6,0.0625,1,44,14894
6,0.0625,1,45,14910
6,0.0625,1,46,14000
6,0.0625,1,47,15928
6,0.0625,1,48,13975
6,0.0625,1,49,13624
6,0.0625,1,50,14859
6,0.0625,1,51,15280
6,0.0625,2,0,33051
6,0.0625,2,1,34231
6,0.0625,2,2,35428
6,0.0625,2,3,35197
6,0.0625,2,4,34361
6,0.0625,2,5,33262
6,0.0625,2,6,33623
6,0.0625,2,7,34440
6,0.0625,2,8,34106
6,0.0625,2,9,33475
6,0.0625,2,10,39830
6,0.0625,2,11,34641
6,0.0625,2,12,35190
6,0.0625,2,13,30583
6,0.0625,2,14,33042
6,0.0625,2,15,32439
6,0.0625,2,16,33138
6,0.0625,2,17,35134
6,0.0625,2,18,34620
6,0.0625,2,19,33470
6,0.0625,2,20,36335
6,0.0625,2,21,36186
6,0.0625,2,22,34256
6,0.0625,2,23,30940
6,0.0625,2,24,35403
6,0.0625,2,25,33468
6,0.0625,2,26,31090
6,0.0625,2,27,30421
6,0.0625,2,28,33771
6,0.0625,2,29,32209
6,0.0625,2,30,33179
6,0.0625,2,31,30382
6,0.0625,2,32,36240
6,0.0625,2,33,33768
6,0.0625,2,34,34909
6,0.0625,2,35,31254
6,0.0625,2,36,33574
6,0.0625,2,37,33082
6,0.0625,2,38,33087
6,0.0625,2,39,27615
6,0.0625,2,40,27056
6,0.0625,2,41,31529
6,0.0625,2,42,29696
6,0.0625,2,43,30795
6,0.0625,2,44,31204
6,0.0625,2,45,32927
6,0.0625,2,46,28317
6,0.0625,2,47,29464
6,0.0625,2,48,28061
6,0.0625,2,49,28176
6,0.0625,2,50,30156
6,0.0625,2,51,29370
7,0.0625,0,0,13765
7,0.0625,0,1,14035
7,0.0625,0,2,13410
7,0.0625,0,3,14131
7,0.0625,0,4,13298
7,0.0625,0,5,13986
7,0.0625,0,6,13313
7,0.0625,0,7,14418
7,0.0625,0,8,14000
7,0.0625,0,9,13056
7,0.0625,0,10,14172
7,0.0625,0,11,14794
7,0.0625,0,12,14903
7,0.0625,0,13,13509
7,0.0625,0,14,14112
7,0.0625,0,15,14168
7,0.0625,0,16,14493
7,0.0625,0,17,13651
7,0.0625,0,18,14128
7,0.0625,0,19,14451
7,0.0625,0,20,15527
7,0.0625,0,21,13466
7,0.0625,0,22,14002
7,0.0625,0,23,14243
7,0.0625,0,24,14552
7,0.0625,0,25,14060
7,0.0625,0,26,13966
7,0.0625,0,27,13469
7,0.0625,0,28,13635
7,0.0625,0,29,13443
7,0.0625,0,30,12869
7,0.0625,0,31,13788
7,0.0625,0,32,14458
7,0.0625,0,33,13890
7,0.0625,0,34,14515
7,0.0625,0,35,14082
7,0.0625,0,36,12715
7,0.0625,0,37,13180
7,0.0625,0,38,12923
7,0.0625,0,39,12790
7,0.0625,0,40,13151
7,0.0625,0,41,13169
7,0.0625,0,42,12497
7,0.0625,0,43,13263
7,0.0625,0,44,13191
7,0.0625,0,45,13089
7,0.0625,0,46,12771
7,0.0625,0,47,13184
7,0.0625,0,48,12751
7,0.0625,0,49,13976
7,0.0625,0,50,12862
7,0.0625,0,51,12099
7,0.0625,1,0,11514
7,0.0625,1,1,12646
7,0.0625,1,2,12910
7,0.0625,1,3,13272
7,0.0625,1,4,13699
7,0.0625,1,5,12776
7,0.0625,1,6,12350
7,0.0625,1,7,12587
7,0.0625,1,8,12331
7,0.0625,1,9,12791
7,0.0625,1,10,12746
7,0.0625,1,11,12116
7,0.0625,1,12,12314
7,0.0625,1,13,11676
7,0.0625,1,14,12563
7,0.0625,1,15,11746
7,0.0625,1,16,10937
7,0.0625,1,17,10544
7,0.0625,1,18,11521
7,0.0625,1,19,11732
7,0.0625,1,20,11149
7,0.0625,1,21,11817
7,0.0625,1,22,12218
7,0.0625,1,23,12087
7,0.0625,1,24,12773
7,0.0625,1,25,11608
7,0.0625,1,26,11665
7,0.0625,1,27,11739
7,0.0625,1,28,11931
7,0.0625,1,29,12697
7,0.0625,1,30,11394
7,0.0625,1,31,10539
7,0.0625,1,32,12416
7,0.0625,1,33,11135
7,0.0625,1,34,12850
7,0.0625,1,35,12465
7,0.0625,1,36,11166
7,0.0625,1,37,10946
7,0.0625,1,38,11559
7,0.0625,1,39,14491
7,0.0625,1,40,14572
7,0.0625,1,41,14143
7,0.0625,1,42,12937
7,0.0625,1,43,14694
7,0.0625,1,44,13974
7,0.0625,1,45,14954
7,0.0625,1,46,15104
7,0.0625,1,47,15060
7,0.0625,1,48,15708
7,0.0625,1,49,15119
7,0.0625,1,50,15074
7,0.0625,1,51,15751
7,0.0625,2,0,33051
7,0.0625,2,1,34231
7,0.0625,2,2,35428
7,0.0625,2,3,35197
7,0.0625,2,4,34361
7,0.0625,2,5,33262
7,0.0625,2,6,33623
7,0.0625,2,7,34440
7,0.0625,2,8,34106
7,0.0625,2,9,33475
7,0.0625,2,10,39830
7,0.0625,2,11,34641
7,0.0625,2,12,35190
7,0.0625,2,13,30583
7,0.0625,2,14,33042
7,0.0625,2,15,32439
7,0.0625,2,16,33138
7,0.0625,2,17,35134
7,0.0625,2,18,34620
7,0.0625,2,19,33470
7,0.0625,2,20,36335
7,0.0625,2,21,36186
7,0.0625,2,22,34256
7,0.0625,2,23,30940
7,0.0625,2,24,35403
7,0.0625,2,25,33468
7,0.0625,2,26,31090
7,0.0625,2,27,30421
7,0.0625,2,28,33771
7,0.0625,2,29,32209
7,0.0625,2,30,33179
7,0.0625,2,31,30382
7,0.0625,2,32,36240
7,0.0625,2,33,33768
7,0.0625,2,34,34909
7,0.0625,2,35,31254
7,0.0625,2,36,33574
7,0.0625,2,37,33082
7,0.0625,2,38,33087
7,0.0625,2,39,26861
7,0.0625,2,40,31834
7,0.0625,2,41,29900
7,0.0625,2,42,31113
7,0.0625,2,43,28834
7,0.0625,2,44,28903
7,0.0625,2,45,29540
7,0.0625,2,46,28762
7,0.0625,2,47,28479
7,0.0625,2,48,28884
7,0.0625,2,49,31528
7,0.0625,2,50,29003
7,0.0625,2,51,29041
8,0.0625,0,0,12608
8,0.0625,0,1,13405
8,0.0625,0,2,13556
8,0.0625,0,3,14259
8,0.0625,0,4,14584
8,0.0625,0,5,13730
8,0.0625,0,6,14822
8,0.0625,0,7,14556
8,0.0625,0,8,14142
8,0.0625,0,9,13228
8,0.0625,0,10,14203
8,0.0625,0,11,14162
8,0.0625,0,12,13636
8,0.0625,0,13,14213
8,0.0625,0,14,15414
8,0.0625,0,15,13595
8,0.0625,0,16,15133
8,0.0625,0,17,15048
8,0.0625,0,18,15844
8,0.0625,0,19,14732
8,0.0625,0,20,14653
8,0.0625,0,21,14343
8,0.0625,0,22,16059
8,0.0625,0,23,12580
8,0.0625,0,24,13480
8,0.0625,0,25,14116
8,0.0625,0,26,13517
8,0.0625,0,27,13134
8,0.0625,0,28,14966
8,0.0625,0,29,14749
8,0.0625,0,30,13272
8,0.0625,0,31,14565
8,0.0625,0,32,14144
8,0.0625,0,33,14403
8,0.0625,0,34,13807
8,0.0625,0,35,13350
8,0.0625,0,36,13963
8,0.0625,0,37,14581
8,0.0625,0,38,13825
8,0.0625,0,39,17067
8,0.0625,0,40,17156
8,0.0625,0,41,17779
8,0.0625,0,42,17566
8,0.0625,0,43,18661
8,0.0625,0,44,17525
8,0.0625,0,45,18523
8,0.0625,0,46,15147
8,0.0625,0,47,16127
8,0.0625,0,48,17452
8,0.0625,0,49,16748
8,0.0625,0,50,16492
8,0.0625,0,51,16942
8,0.0625,1,0,13798
8,0.0625,1,1,12570
8,0.0625,1,2,12099
8,0.0625,1,3,13129
8,0.0625,1,4,12614
8,0.0625,1,5,11932
8,0.0625,1,6,12468
8,0.0625,1,7,13348
8,0.0625,1,8,12825
8,0.0625,1,9,12991
8,0.0625,1,10,12587
8,0.0625,1,11,11249
8,0.0625,1,12,12550
8,0.0625,1,13,13075
8,0.0625,1,14,13188
8,0.0625,1,15,12783
8,0.0625,1,16,13245
8,0.0625,1,17,12723
8,0.0625,1,18,12598
8,0.0625,1,19,13717
8,0.0625,1,20,13918
8,0.0625,1,21,12726
8,0.0625,1,22,12864
8,0.0625,1,23,13215
8,0.0625,1,24,13942
8,0.0625,1,25,13852
8,0.0625,1,26,12274
8,0.0625,1,27,12061
8,0.0625,1,28,13304
8,0.0625,1,29,13474
8,0.0625,1,30,13068
8,0.0625,1,31,13434
8,0.0625,1,32,12073
8,0.0625,1,33,13734
8,0.0625,1,34,13163
8,0.0625,1,35,13447
8,0.0625,1,36,11704
8,0.0625,1,37,12561
8,0.0625,1,38,14042
8,0.0625,1,39,13103
8,0.0625,1,40,12711
8,0.0625,1,41,12187
8,0.0625,1,42,13096
8,0.0625,1,43,12767
8,0.0625,1,44,12907
8,0.0625,1,45,13565
8,0.0625,1,46,12420
8,0.0625,1,47,12389
8,0.0625,1,48,11866
8,0.0625,1,49,13428
8,0.0625,1,50,12183
8,0.0625,1,51,12963
8,0.0625,2,0,32870
8,0.0625,2,1,36781
8,0.0625,2,2,34600
8,0.0625,2,3,31848
8,0.0625,2,4,34173
8,0.0625,2,5,35280
8,0.0625,2,6,33033
8,0.0625,2,7,32303
8,0.0625,2,8,38026
8,0.0625,2,9,33274
8,0.0625,2,10,34160
8,0.0625,2,11,34438
8,0.0625,2,12,37802
8,0.0625,2,13,33627
8,0.0625,2,14,35258
8,0.0625,2,15,33368
8,0.0625,2,16,36421
8,0.0625,2,17,35612
8,0.0625,2,18,35577
8,0.0625,2,19,34397
8,0.0625,2,20,33409
8,0.0625,2,21,30916
8,0.0625,2,22,37333
8,0.0625,2,23,36979
8,0.0625,2,24,35961
8,0.0625,2,25,33923
8,0.0625,2,26,32313
8,0.0625,2,27,34121
8,0.0625,2,28,31772
8,0.0625,2,29,31917
8,0.0625,2,30,35243
8,0.0625,2,31,32984
8,0.0625,2,32,34678
8,0.0625,2,33,35549
8,0.0625,2,34,32233
8,0.0625,2,35,33851
8,0.0625,2,36,35775
8,0.0625,2,37,31878
8,0.0625,2,38,32341
8,0.0625,2,39,38835
8,0.0625,2,40,41207
8,0.0625,2,41,40945
8,0.0625,2,42,39114
8,0.0625,2,43,40380
8,0.0625,2,44,40079
8,0.0625,2,45,42779
8,0.0625,2,46,40965
8,0.0625,2,47,39823
8,0.0625,2,48,43193
8,0.0625,2,49,41032
8,0.0625,2,50,39944
8,0.0625,2,51,45748
9,0.0625,0,0,12608
9,0.0625,0,1,13405
9,0.0625,0,2,13556
9,0.0625,0,3,14259
9,0.0625,0,4,14584
9,0.0625,0,5,13730
9,0.0625,0,6,14822
9,0.0625,0,7,14556
9,0.0625,0,8,14142
9,0.0625,0,9,13228
9,0.0625,0,10,14203
9,0.0625,0,11,14162
9,0.0625,0,12,13636
9,0.0625,0,13,14213
9,0.0625,0,14,15414
9,0.0625,0,15,13595
9,0.0625,0,16,15133
9,0.0625,0,17,15048
9,0.0625,0,18,15844
9,0.0625,0,19,14732
9,0.0625,0,20,14653
9,0.0625,0,21,14343
9,0.0625,0,22,16059
9,0.0625,0,23,12580
9,0.0625,0,24,13480
9,0.0625,0,25,14116
9,0.0625,0,26,13517
9,0.0625,0,27,13134
9,0.0625,0,28,14966
9,0.0625,0,29,14749
9,0.0625,0,30,13272
9,0.0625,0,31,14565
9,0.0625,0,32,14144
9,0.0625,0,33,14403
9,0.0625,0,34,13807
9,0.0625,0,35,13350
9,0.0625,0,36,13963
9,0.0625,0,37,14581
9,0.0625,0,38,13825
9,0.0625,0,39,17534
9,0.0625,0,40,18266
9,0.0625,0,41,16407
9,0.0625,0,42,16481
9,0.0625,0,43,16710
9,0.0625,0,44,17201
9,0.0625,0,45,16479
9,0.0625,0,46,17252
9,0.0625,0,47,15441
9,0.0625,0,48,17787
9,0.0625,0,49,16336
9,0.0625,0,50,17399
9,0.0625,0,51,19115
9,0.0625,1,0,13798
9,0.0625,1,1,12570
9,0.0625,1,2,12099
9,0.0625,1,3,13129
9,0.0625,1,4,12614
9,0.0625,1,5,11932
9,0.0625,1,6,12468
9,0.0625,1,7,13348
9,0.0625,1,8,12825
9,0.0625,1,9,12991
9,0.0625,1,10,12587
9,0.0625,1,11,11249
9,0.0625,1,12,12550
9,0.0625,1,13,13075
9,0.0625,1,14,13188
9,0.0625,1,15,12783
9,0.0625,1,16,13245
9,0.0625,1,17,12723
9,0.0625,1,18,12598
9,0.0625,1,19,13717
9,0.0625,1,20,13918
9,0.0625,1,21,12726
9,0.0625,1,22,12864
9,0.0625,1,23,13215
9,0.0625,1,24,13942
9,0.0625,1,25,13852
9,0.0625,1,26,12274
9,0.0625,1,27,12061
9,0.0625,1,28,13304
9,0.0625,1,29,13474
9,0.0625,1,30,13068
9,0.0625,1,31,13434
9,0.0625,1,32,12073
9,0.0625,1,33,13734
9,0.0625,1,34,13163
9,0.0625,1,35,13447
9,0.0625,1,36,11704
9,0.0625,1,37,12561
9,0.0625,1,38,14042
9,0.0625,1,39,11896
9,0.0625,1,40,13463
9,0.0625,1,41,12497
9,0.0625,1,42,12762
9,0.0625,1,43,12681
9,0.0625,1,44,11838
9,0.0625,1,45,12368
9,0.0625,1,46,12680
9,0.0625,1,47,12593
9,0.0625,1,48,12031
9,0.0625,1,49,13047
9,0.0625,1,50,12294
9,0.0625,1,51,12640
9,0.0625,2,0,32870
9,0.0625,2,1,36781
9,0.0625,2,2,34600
9,0.0625,2,3,31848
9,0.0625,2,4,34173
9,0.0625,2,5,35280
9,0.0625,2,6,33033
9,0.0625,2,7,32303
9,0.0625,2,8,38026
9,0.0625,2,9,33274
9,0.0625,2,10,34160
9,0.0625,2,11,34438
9,0.0625,2,12,37802
9,0.0625,2,13,33627
9,0.0625,2,14,35258
9,0.0625,2,15,33368
9,0.0625,2,16,36421
9,0.0625,2,17,35612
9,0.0625,2,18,35577
9,0.0625,2,19,34397
9,0.0625,2,20,33409
9,0.0625,2,21,30916
9,0.0625,2,22,37333
9,0.0625,2,23,36979
9,0.0625,2,24,35961
9,0.0625,2,25,33923
9,0.0625,2,26,32313
9,0.0625,2,27,34121
9,0.0625,2,28,31772
9,0.0625,2,29,31917
9,0.0625,2,30,35243
9,0.0625,2,31,32984
9,0.0625,2,32,34678
9,0.0625,2,33,35549
9,0.0625,2,34,32233
9,0.0625,2,35,33851
9,0.0625,2,36,35775
9,0.0625,2,37,31878
9,0.0625,2,38,32341
9,0.0625,2,39,41626
9,0.0625,2,40,45013
9,0.0625,2,41,42038
9,0.0625,2,42,42066
9,0.0625,2,43,43653
9,0.0625,2,44,43333
9,0.0625,2,45,43544
9,0.0625,2,46,39706
9,0.0625,2,47,44253
9,0.0625,2,48,41238
9,0.0625,2,49,37848
9,0.0625,2,50,43946
9,0.0625,2,51,36091
10,0.0625,0,0,12608
10,0.0625,0,1,13405
10,0.0625,0,2,13556
10,0.0625,0,3,14259
10,0.0625,0,4,14584
10,0.0625,0,5,13730
10,0.0625,0,6,14822
10,0.0625,0,7,14556
10,0.0625,0,8,14142
10,0.0625,0,9,13228
10,0.0625,0,10,14203
10,0.0625,0,11,14162
10,0.0625,0,12,13636
10,0.0625,0,13,14213
10,0.0625,0,14,15414
10,0.0625,0,15,13595
10,0.0625,0,16,15133
10,0.0625,0,17,15048
10,0.0625,0,18,15844
10,0.0625,0,19,14732
10,0.0625,0,20,14653
10,0.0625,0,21,14343
10,0.0625,0,22,16059
10,0.0625,0,23,12580
10,0.0625,0,24,13480
10,0.0625,0,25,14116
10,0.0625,0,26,13180
10,0.0625,0,27,13931
10,0.0625,0,28,13636
10,0.0625,0,29,13979
10,0.0625,0,30,13786
10,0.0625,0,31,14469
10,0.0625,0,32,13849
10,0.0625,0,33,14286
10,0.0625,0,34,12257
10,0.0625,0,35,14651
10,0.0625,0,36,13880
10,0.0625,0,37,14620
10,0.0625,0,38,14632
10,0.0625,0,39,12163
10,0.0625,0,40,12602
10,0.0625,0,41,12287
10,0.0625,0,42,10665
10,0.0625,0,43,11475
10,0.0625,0,44,11038
10,0.0625,0,45,11735
10,0.0625,0,46,11982
10,0.0625,0,47,11624
10,0.0625,0,48,11276
10,0.0625,0,49,11514
10,0.0625,0,50,11545
10,0.0625,0,51,11852
10,0.0625,1,0,13798
10,0.0625,1,1,12570
10,0.0625,1,2,12099
10,0.0625,1,3,13129
10,0.0625,1,4,12614
10,0.0625,1,5,11932
10,0.0625,1,6,12468
10,0.0625,1,7,13348
10,0.0625,1,8,12825
10,0.0625,1,9,12991
10,0.0625,1,10,12587
10,0.0625,1,11,11249
10,0.0625,1,12,12550
10,0.0625,1,13,13075
10,0.0625,1,14,13188
10,0.0625,1,15,12783
10,0.0625,1,16,13245
10,0.0625,1,17,12723
10,0.0625,1,18,12598
10,0.0625,1,19,13717
10,0.0625,1,20,13918
10,0.0625,1,21,12726
10,0.0625,1,22,12864
10,0.0625,1,23,13215
10,0.0625,1,24,13942
10,0.0625,1,25,13852
10,0.0625,1,26,11654
10,0.0625,1,27,12401
10,0.0625,1,28,13877
10,0.0625,1,29,12650
10,0.0625,1,30,13327
10,0.0625,1,31,13059
10,0.0625,1,32,14077
10,0.0625,1,33,11986
10,0.0625,1,34,12952
10,0.0625,1,35,13992
10,0.0625,1,36,12720
10,0.0625,1,37,13267
10,0.0625,1,38,13041
10,0.0625,1,39,16119
10,0.0625,1,40,16394
10,0.0625,1,41,15525
10,0.0625,1,42,15188
10,0.0625,1,43,17226
10,0.0625,1,44,16223
10,0.0625,1,45,13950
10,0.0625,1,46,14903
10,0.0625,1,47,17052
10,0.0625,1,48,15623
10,0.0625,1,49,15753
10,0.0625,1,50,16708
10,0.0625,1,51,15006
10,0.0625,2,0,32870
10,0.0625,2,1,36781
10,0.0625,2,2,34600
10,0.0625,2,3,31848
10,0.0625,2,4,34173
10,0.0625,2,5,35280
10,0.0625,2,6,33033
10,0.0625,2,7,32303
10,0.0625,2,8,38026
10,0.0625,2,9,33274
10,0.0625,2,10,34160
10,0.0625,2,11,34438
10,0.0625,2,12,37802
10,0.0625,2,13,33627
10,0.0625,2,14,35258
10,0.0625,2,15,33368
10,0.0625,2,16,36421
10,0.0625,2,17,35612
10,0.0625,2,18,35577
10,0.0625,2,19,34397
10,0.0625,2,20,33409
10,0.0625,2,21,30916
10,0.0625,2,22,37333
10,0.0625,2,23,36979
10,0.0625,2,24,35961
10,0.0625,2,25,33923
10,0.0625,2,26,34815
10,0.0625,2,27,30048
10,0.0625,2,28,33784
10,0.0625,2,29,31499
10,0.0625,2,30,34464
10,0.0625,2,31,31653
10,0.0625,2,32,30701
10,0.0625,2,33,33535
10,0.0625,2,34,34038
10,0.0625,2,35,32799
10,0.0625,2,36,35847
10,0.0625,2,37,35707
10,0.0625,2,38,29944
10,0.0625,2,39,21546
10,0.0625,2,40,21845
10,0.0625,2,41,22918
10,0.0625,2,42,23222
10,0.0625,2,43,19575
10,0.0625,2,44,23279
10,0.0625,2,45,23703
10,0.0625,2,46,22237
10,0.0625,2,47,21158
10,0.0625,2,48,23935
10,0.0625,2,49,19929
10,0.0625,2,50,21560
10,0.0625,2,51,24724
11,0.0625,0,0,12608
11,0.0625,0,1,13405
11,0.0625,0,2,13556
11,0.0625,0,3,14259
11,0.0625,0,4,14584
11,0.0625,0,5,13730
11,0.0625,0,6,14822
11,0.0625,0,7,14556
11,0.0625,0,8,14142
11,0.0625,0,9,13228
11,0.0625,0,10,14203
11,0.0625,0,11,14162
11,0.0625,0,12,13636
11,0.0625,0,13,14213
11,0.0625,0,14,15414
11,0.0625,0,15,13595
11,0.0625,0,16,15133
11,0.0625,0,17,15048
11,0.0625,0,18,15844
11,0.0625,0,19,14732
11,0.0625,0,20,14653
11,0.0625,0,21,14343
11,0.0625,0,22,16059
11,0.0625,0,23,12580
11,0.0625,0,24,13480
11,0.0625,0,25,14116
11,0.0625,0,26,13180
11,0.0625,0,27,13931
11,0.0625,0,28,13636
11,0.0625,0,29,13979
11,0.0625,0,30,13786
11,0.0625,0,31,14469
11,0.0625,0,32,13849
11,0.0625,0,33,14286
11,0.0625,0,34,12257
11,0.0625,0,35,14651
11,0.0625,0,36,13880
11,0.0625,0,37,14620
11,0.0625,0,38,14632
11,0.0625,0,39,11027
11,0.0625,0,40,11207
11,0.0625,0,41,12337
11,0.0625,0,42,12428
11,0.0625,0,43,12254
11,0.0625,0,44,12553
11,0.0625,0,45,12207
11,0.0625,0,46,11489
11,0.0625,0,47,11251
11,0.0625,0,48,12339
11,0.0625,0,49,11817
11,0.0625,0,50,11643
11,0.0625,0,51,12289
11,0.0625,1,0,13798
11,0.0625,1,1,12570
11,0.0625,1,2,12099
11,0.0625,1,3,13129
11,0.0625,1,4,12614
11,0.0625,1,5,11932
11,0.0625,1,6,12468
11,0.0625,1,7,13348
11,0.0625,1,8,12825
11,0.0625,1,9,12991
11,0.0625,1,10,12587
11,0.0625,1,11,11249
11,0.0625,1,12,12550
11,0.0625,1,13,13075
11,0.0625,1,14,13188
11,0.0625,1,15,12783
11,0.0625,1,16,13245
11,0.0625,1,17,12723
11,0.0625,1,18,12598
11,0.0625,1,19,13717
11,0.0625,1,20,13918
11,0.0625,1,21,12726
11,0.0625,1,22,12864
11,0.0625,1,23,13215
11,0.0625,1,24,13942
11,0.0625,1,25,13852
11,0.0625,1,26,11654
11,0.0625,1,27,12401
11,0.0625,1,28,13877
11,0.0625,1,29,12650
11,0.0625,1,30,13327
11,0.0625,1,31,13059
11,0.0625,1,32,14077
11,0.0625,1,33,11986
11,0.0625,1,34,12952
11,0.0625,1,35,13992
11,0.0625,1,36,12720
11,0.0625,1,37,13267
11,0.0625,1,38,13041
11,0.0625,1,39,15266
11,0.0625,1,40,16340
11,0.0625,1,41,16201
11,0.0625,1,42,16456
11,0.0625,1,43,17173
11,0.0625,1,44,16810
11,0.0625,1,45,16371
11,0.0625,1,46,15734
11,0.0625,1,47,15265
11,0.0625,1,48,16301
11,0.0625,1,49,15848
11,0.0625,1,50,14100
11,0.0625,1,51,15677
11,0.0625,2,0,32870
11,0.0625,2,1,36781
11,0.0625,2,2,34600
11,0.0625,2,3,31848
11,0.0625,2,4,34173
11,0.0625,2,5,35280
11,0.0625,2,6,33033
11,0.0625,2,7,32303
11,0.0625,2,8,38026
11,0.0625,2,9,33274
11,0.0625,2,10,34160
11,0.0625,2,11,34438
11,0.0625,2,12,37802
11,0.0625,2,13,33627
11,0.0625,2,14,35258
11,0.0625,2,15,33368
11,0.0625,2,16,36421
11,0.0625,2,17,35612
11,0.0625,2,18,35577
11,0.0625,2,19,34397
11,0.0625,2,20,33409
11,0.0625,2,21,30916
11,0.0625,2,22,37333
11,0.0625,2,23,36979
11,0.0625,2,24,35961
11,0.0625,2,25,33923
11,0.0625,2,26,34815
11,0.0625,2,27,30048
11,0.0625,2,28,33784
11,0.0625,2,29,31499
11,0.0625,2,30,34464
11,0.0625,2,31,31653
11,0.0625,2,32,30701
11,0.0625,2,33,33535
11,0.0625,2,34,34038
11,0.0625,2,35,32799
11,0.0625,2,36,35847
11,0.0625,2,37,35707
11,0.0625,2,38,29944
11,0.0625,2,39,22236
11,0.0625,2,40,22615
11,0.0625,2,41,22023
11,0.0625,2,42,23896
11,0.0625,2,43,21847
11,0.0625,2,44,22149
11,0.0625,2,45,23236
11,0.0625,2,46,23286
11,0.0625,2,47,21236
11,0.0625,2,48,21431
11,0.0625,2,49,23423
11,0.0625,2,50,20471
11,0.0625,2,51,22986
12,0.0625,0,0,12608
12,0.0625,0,1,13405
12,0.0625,0,2,13556
12,0.0625,0,3,14259
12,0.0625,0,4,14584
12,0.0625,0,5,13730
12,0.0625,0,6,14822
12,0.0625,0,7,14556
12,0.0625,0,8,14142
12,0.0625,0,9,13228
12,0.0625,0,10,14203
12,0.0625,0,11,14162
12,0.0625,0,12,13636
12,0.0625,0,13,13853
12,0.0625,0,14,15172
12,0.0625,0,15,15046
12,0.0625,0,16,14553
12,0.0625,0,17,13836
12,0.0625,0,18,13953
12,0.0625,0,19,14668
12,0.0625,0,20,14120
12,0.0625,0,21,14802
12,0.0625,0,22,14728
12,0.0625,0,23,13152
12,0.0625,0,24,14182
12,0.0625,0,25,14776
12,0.0625,0,26,17184
12,0.0625,0,27,15963
12,0.0625,0,28,16579
12,0.0625,0,29,14959
12,0.0625,0,30,15412
12,0.0625,0,31,15551
12,0.0625,0,32,16037
12,0.0625,0,33,17104
12,0.0625,0,34,16009
12,0.0625,0,35,16278
12,0.0625,0,36,16786
12,0.0625,0,37,15075
12,0.0625,0,38,15401
12,0.0625,0,39,11886
12,0.0625,0,40,11953
12,0.0625,0,41,13118
12,0.0625,0,42,12289
12,0.0625,0,43,13456
12,0.0625,0,44,12897
12,0.0625,0,45,13771
12,0.0625,0,46,12030
12,0.0625,0,47,12227
12,0.0625,0,48,12738
12,0.0625,0,49,13223
12,0.0625,0,50,13682
12,0.0625,0,51,12014
12,0.0625,1,0,13798
12,0.0625,1,1,12570
12,0.0625,1,2,12099
12,0.0625,1,3,13129
12,0.0625,1,4,12614
12,0.0625,1,5,11932
12,0.0625,1,6,12468
12,0.0625,1,7,13348
12,0.0625,1,8,12825
12,0.0625,1,9,12991
12,0.0625,1,10,12587
12,0.0625,1,11,11249
12,0.0625,1,12,12550
12,0.0625,1,13,13322
12,0.0625,1,14,12903
12,0.0625,1,15,13500
12,0.0625,1,16,14193
12,0.0625,1,17,13906
12,0.0625,1,18,13927
12,0.0625,1,19,13362
12,0.0625,1,20,14173
12,0.0625,1,21,13998
12,0.0625,1,22,13308
12,0.0625,1,23,14154
12,0.0625,1,24,13466
12,0.0625,1,25,11335
12,0.0625,1,26,15185
12,0.0625,1,27,14699
12,0.0625,1,28,13530
12,0.0625,1,29,14077
12,0.0625,1,30,14041
12,0.0625,1,31,14138
12,0.0625,1,32,15402
12,0.0625,1,33,15667
12,0.0625,1,34,14018
12,0.0625,1,35,13991
12,0.0625,1,36,15399
12,0.0625,1,37,13746
12,0.0625,1,38,14624
12,0.0625,1,39,14115
12,0.0625,1,40,14552
12,0.0625,1,41,13362
12,0.0625,1,42,14519
12,0.0625,1,43,13194
12,0.0625,1,44,13293
12,0.0625,1,45,13552
12,0.0625,1,46,14768
12,0.0625,1,47,14804
12,0.0625,1,48,14685
12,0.0625,1,49,13048
12,0.0625,1,50,14490
12,0.0625,1,51,14012
12,0.0625,2,0,32870
12,0.0625,2,1,36781
12,0.0625,2,2,34600
12,0.0625,2,3,31848
12,0.0625,2,4,34173
12,0.0625,2,5,35280
12,0.0625,2,6,33033
12,0.0625,2,7,32303
12,0.0625,2,8,38026
12,0.0625,2,9,33274
12,0.0625,2,10,34160
12,0.0625,2,11,34438
12,0.0625,2,12,37802
12,0.0625,2,13,33252
12,0.0625,2,14,34949
12,0.0625,2,15,35701
12,0.0625,2,16,36923
12,0.0625,2,17,35499
12,0.0625,2,18,35327
12,0.0625,2,19,35131
12,0.0625,2,20,37477
12,0.0625,2,21,34542
12,0.0625,2,22,32245
12,0.0625,2,23,34238
12,0.0625,2,24,34306
12,0.0625,2,25,33590
12,0.0625,2,26,35835
12,0.0625,2,27,31720
12,0.0625,2,28,34664
12,0.0625,2,29,34797
12,0.0625,2,30,37641
12,0.0625,2,31,34602
12,0.0625,2,32,36744
12,0.0625,2,33,37478
12,0.0625,2,34,37927
12,0.0625,2,35,36795
12,0.0625,2,36,34696
12,0.0625,2,37,36288
12,0.0625,2,38,35362
12,0.0625,2,39,40198
12,0.0625,2,40,44261
12,0.0625,2,41,40608
12,0.0625,2,42,39900
12,0.0625,2,43,42261
12,0.0625,2,44,37399
12,0.0625,2,45,40893
12,0.0625,2,46,44367
12,0.0625,2,47,37344
12,0.0625,2,48,40413
12,0.0625,2,49,40591
12,0.0625,2,50,38168
12,0.0625,2,51,38108
13,0.0625,0,0,12608
13,0.0625,0,1,13405
13,0.0625,0,2,13556
13,0.0625,0,3,14259
13,0.0625,0,4,14584
13,0.0625,0,5,13730
13,0.0625,0,6,14822
13,0.0625,0,7,14556
13,0.0625,0,8,14142
13,0.0625,0,9,13228
13,0.0625,0,10,14203
13,0.0625,0,11,14162
13,0.0625,0,12,13636
13,0.0625,0,13,13853
13,0.0625,0,14,15172
13,0.0625,0,15,15046
13,0.0625,0,16,14553
13,0.0625,0,17,13836
13,0.0625,0,18,13953
13,0.0625,0,19,14668
13,0.0625,0,20,14120
13,0.0625,0,21,14802
13,0.0625,0,22,14728
13,0.0625,0,23,13152
13,0.0625,0,24,14182
13,0.0625,0,25,14776
13,0.0625,0,26,17184
13,0.0625,0,27,15963
13,0.0625,0,28,16579
13,0.0625,0,29,14959
13,0.0625,0,30,15412
13,0.0625,0,31,15551
13,0.0625,0,32,16037
13,0.0625,0,33,17104
13,0.0625,0,34,16009
13,0.0625,0,35,16278
13,0.0625,0,36,16786
13,0.0625,0,37,15075
13,0.0625,0,38,15401
13,0.0625,0,39,13523
13,0.0625,0,40,12398
13,0.0625,0,41,13096
13,0.0625,0,42,12324
13,0.0625,0,43,13260
13,0.0625,0,44,11984
13,0.0625,0,45,12734
13,0.0625,0,46,13275
13,0.0625,0,47,12662
13,0.0625,0,48,11993
13,0.0625,0,49,11565
13,0.0625,0,50,13338
13,0.0625,0,51,14008
13,0.0625,1,0,13798
13,0.0625,1,1,12570
13,0.0625,1,2,12099
13,0.0625,1,3,13129
13,0.0625,1,4,12614
13,0.0625,1,5,11932
13,0.0625,1,6,12468
13,0.0625,1,7,13348
13,0.0625,1,8,12825
13,0.0625,1,9,12991
13,0.0625,1,10,12587
13,0.0625,1,11,11249
13,0.0625,1,12,12550
13,0.0625,1,13,13322
13,0.0625,1,14,12903
13,0.0625,1,15,13500
13,0.0625,1,16,14193
13,0.0625,1,17,13906
13,0.0625,1,18,13927
13,0.0625,1,19,13362
13,0.0625,1,20,14173
13,0.0625,1,21,13998
13,0.0625,1,22,13308
13,0.0625,1,23,14154
13,0.0625,1,24,13466
13,0.0625,1,25,11335
13,0.0625,1,26,15185
13,0.0625,1,27,14699
13,0.0625,1,28,13530
13,0.0625,1,29,14077
13,0.0625,1,30,14041
13,0.0625,1,31,14138
13,0.0625,1,32,15402
13,0.0625,1,33,15667
13,0.0625,1,34,14018
13,0.0625,1,35,13991
13,0.0625,1,36,15399
13,0.0625,1,37,13746
13,0.0625,1,38,14624
13,0.0625,1,39,14238
13,0.0625,1,40,14523
13,0.0625,1,41,14946
13,0.0625,1,42,14116
13,0.0625,1,43,13988
13,0.0625,1,44,14583
13,0.0625,1,45,14262
13,0.0625,1,46,13068
13,0.0625,1,47,14794
13,0.0625,1,48,12957
13,0.0625,1,49,15163
13,0.0625,1,50,13715
13,0.0625,1,51,14231
13,0.0625,2,0,32870
13,0.0625,2,1,36781
13,0.0625,2,2,34600
13,0.0625,2,3,31848
13,0.0625,2,4,34173
13,0.0625,2,5,35280
13,0.0625,2,6,33033
13,0.0625,2,7,32303
13,0.0625,2,8,38026
13,0.0625,2,9,33274
13,0.0625,2,10,34160
13,0.0625,2,11,34438
13,0.0625,2,12,37802
13,0.0625,2,13,33252
13,0.0625,2,14,34949
13,0.0625,2,15,35701
13,0.0625,2,16,36923
13,0.0625,2,17,35499
13,0.0625,2,18,35327
13,0.0625,2,19,35131
13,0.0625,2,20,37477
13,0.0625,2,21,34542
13,0.0625,2,22,32245
13,0.0625,2,23,34238
13,0.0625,2,24,34306
13,0.0625,2,25,33590
13,0.0625,2,26,35835
13,0.0625,2,27,31720
13,0.0625,2,28,34664
13,0.0625,2,29,34797
13,0.0625,2,30,37641
13,0.0625,2,31,34602
13,0.0625,2,32,36744
13,0.0625,2,33,37478
13,0.0625,2,34,37927
13,0.0625,2,35,36795
13,0.0625,2,36,34696
13,0.0625,2,37,36288
13,0.0625,2,38,35362
13,0.0625,2,39,41813
13,0.0625,2,40,40289
13,0.0625,2,41,43165
13,0.0625,2,42,41516
13,0.0625,2,43,43725
13,0.0625,2,44,41445
13,0.0625,2,45,39661
13,0.0625,2,46,42856
13,0.0625,2,47,35891
13,0.0625,2,48,40744
13,0.0625,2,49,40260
13,0.0625,2,50,40809
13,0.0625,2,51,37786
14,0.0625,0,0,12608
14,0.0625,0,1,13405
14,0.0625,0,2,13556
14,0.0625,0,3,14259
14,0.0625,0,4,14584
14,0.0625,0,5,13730
14,0.0625,0,6,14822
14,0.0625,0,7,14556
14,0.0625,0,8,14142
14,0.0625,0,9,13228
14,0.0625,0,10,14203
14,0.0625,0,11,14162
14,0.0625,0,12,13636
14,0.0625,0,13,13853
14,0.0625,0,14,15172
14,0.0625,0,15,15046
14,0.0625,0,16,14553
14,0.0625,0,17,13836
14,0.0625,0,18,13953
14,0.0625,0,19,14668
14,0.0625,0,20,14120
14,0.0625,0,21,14802
14,0.0625,0,22,14728
14,0.0625,0,23,13152
14,0.0625,0,24,14182
14,0.0625,0,25,14776
14,0.0625,0,26,16002
14,0.0625,0,27,15070
14,0.0625,0,28,16927
14,0.0625,0,29,17782
14,0.0625,0,30,13930
14,0.0625,0,31,16068
14,0.0625,0,32,15583
14,0.0625,0,33,15395
14,0.0625,0,34,15349
14,0.0625,0,35,15976
14,0.0625,0,36,14531
14,0.0625,0,37,16497
14,0.0625,0,38,16076
14,0.0625,0,39,16178
14,0.0625,0,40,15065
14,0.0625,0,41,15010
14,0.0625,0,42,15375
14,0.0625,0,43,15251
14,0.0625,0,44,16208
14,0.0625,0,45,14749
14,0.0625,0,46,15125
14,0.0625,0,47,16305
14,0.0625,0,48,15104
14,0.0625,0,49,15344
14,0.0625,0,50,16093
14,0.0625,0,51,14984
14,0.0625,1,0,13798
14,0.0625,1,1,12570
14,0.0625,1,2,12099
14,0.0625,1,3,13129
14,0.0625,1,4,12614
14,0.0625,1,5,11932
14,0.0625,1,6,12468
14,0.0625,1,7,13348
14,0.0625,1,8,12825
14,0.0625,1,9,12991
14,0.0625,1,10,12587
14,0.0625,1,11,11249
14,0.0625,1,12,12550
14,0.0625,1,13,13322
14,0.0625,1,14,12903
14,0.0625,1,15,13500
14,0.0625,1,16,14193
14,0.0625,1,17,13906
14,0.0625,1,18,13927
14,0.0625,1,19,13362
14,0.0625,1,20,14173
14,0.0625,1,21,13998
14,0.0625,1,22,13308
14,0.0625,1,23,14154
14,0.0625,1,24,13466
14,0.0625,1,25,11335
14,0.0625,1,26,14939
14,0.0625,1,27,15223
14,0.0625,1,28,15072
14,0.0625,1,29,14990
14,0.0625,1,30,14580
14,0.0625,1,31,13673
14,0.0625,1,32,14255
14,0.0625,1,33,15014
14,0.0625,1,34,14547
14,0.0625,1,35,14331
14,0.0625,1,36,14411
14,0.0625,1,37,14890
14,0.0625,1,38,14366
14,0.0625,1,39,15213
14,0.0625,1,40,15856
14,0.0625,1,41,15783
14,0.0625,1,42,14662
14,0.0625,1,43,14883
14,0.0625,1,44,14985
14,0.0625,1,45,14634
14,0.0625,1,46,14594
14,0.0625,1,47,16628
14,0.0625,1,48,15731
14,0.0625,1,49,14814
14,0.0625,1,50,15135
14,0.0625,1,51,15708
14,0.0625,2,0,32870
14,0.0625,2,1,36781
14,0.0625,2,2,34600
14,0.0625,2,3,31848
14,0.0625,2,4,34173
14,0.0625,2,5,35280
14,0.0625,2,6,33033
14,0.0625,2,7,32303
14,0.0625,2,8,38026
14,0.0625,2,9,33274
14,0.0625,2,10,34160
14,0.0625,2,11,34438
14,0.0625,2,12,37802
14,0.0625,2,13,33252
14,0.0625,2,14,34949
14,0.0625,2,15,35701
14,0.0625,2,16,36923
14,0.0625,2,17,35499
14,0.0625,2,18,35327
14,0.0625,2,19,35131
14,0.0625,2,20,37477
14,0.0625,2,21,34542
14,0.0625,2,22,32245
14,0.0625,2,23,34238
14,0.0625,2,24,34306
14,0.0625,2,25,33590
14,0.0625,2,26,34941
14,0.0625,2,27,34871
14,0.0625,2,28,35576
14,0.0625,2,29,34057
14,0.0625,2,30,37224
14,0.0625,2,31,37137
14,0.0625,2,32,33996
14,0.0625,2,33,38528
14,0.0625,2,34,36916
14,0.0625,2,35,36102
14,0.0625,2,36,35200
14,0.0625,2,37,38316
14,0.0625,2,38,35984
14,0.0625,2,39,40105
14,0.0625,2,40,46225
14,0.0625,2,41,39206
14,0.0625,2,42,46431
14,0.0625,2,43,42806
14,0.0625,2,44,38730
14,0.0625,2,45,40960
14,0.0625,2,46,39356
14,0.0625,2,47,39235
14,0.0625,2,48,39729
14,0.0625,2,49,40861
14,0.0625,2,50,40661
14,0.0625,2,51,43572
15,0.0625,0,0,12608
15,0.0625,0,1,13405
15,0.0625,0,2,13556
15,0.0625,0,3,14259
15,0.0625,0,4,14584
15,0.0625,0,5,13730
15,0.0625,0,6,14822
15,0.0625,0,7,14556
15,0.0625,0,8,14142
15,0.0625,0,9,13228
15,0.0625,0,10,14203
15,0.0625,0,11,14162
15,0.0625,0,12,13636
15,0.0625,0,13,13853
15,0.0625,0,14,15172
15,0.0625,0,15,15046
15,0.0625,0,16,14553
15,0.0625,0,17,13836
15,0.0625,0,18,13953
15,0.0625,0,19,14668
15,0.0625,0,20,14120
15,0.0625,0,21,14802
15,0.0625,0,22,14728
15,0.0625,0,23,13152
15,0.0625,0,24,14182
15,0.0625,0,25,14776
15,0.0625,0,26,16002
15,0.0625,0,27,15070
15,0.0625,0,28,16927
15,0.0625,0,29,17782
15,0.0625,0,30,13930
15,0.0625,0,31,16068
15,0.0625,0,32,15583
15,0.0625,0,33,15395
15,0.0625,0,34,15349
15,0.0625,0,35,15976
15,0.0625,0,36,14531
15,0.0625,0,37,16497
15,0.0625,0,38,16076
15,0.0625,0,39,15198
15,0.0625,0,40,15055
15,0.0625,0,41,15459
15,0.0625,0,42,15735
15,0.0625,0,43,15942
15,0.0625,0,44,14894
15,0.0625,0,45,15758
15,0.0625,0,46,16498
15,0.0625,0,47,13180
15,0.0625,0,48,15978
15,0.0625,0,49,15097
15,0.0625,0,50,16185
15,0.0625,0,51,15409
15,0.0625,1,0,13798
15,0.0625,1,1,12570
15,0.0625,1,2,12099
15,0.0625,1,3,13129
15,0.0625,1,4,12614
15,0.0625,1,5,11932
15,0.0625,1,6,12468
15,0.0625,1,7,13348
15,0.0625,1,8,12825
15,0.0625,1,9,12991
15,0.0625,1,10,12587
15,0.0625,1,11,11249
15,0.0625,1,12,12550
15,0.0625,1,13,13322
15,0.0625,1,14,12903
15,0.0625,1,15,13500
15,0.0625,1,16,14193
15,0.0625,1,17,13906
15,0.0625,1,18,13927
15,0.0625,1,19,13362
15,0.0625,1,20,14173
15,0.0625,1,21,13998
15,0.0625,1,22,13308
15,0.0625,1,23,14154
15,0.0625,1,24,13466
15,0.0625,1,25,11335
15,0.0625,1,26,14939
15,0.0625,1,27,15223
15,0.0625,1,28,15072
15,0.0625,1,29,14990
15,0.0625,1,30,14580
15,0.0625,1,31,13673
15,0.0625,1,32,14255
15,0.0625,1,33,15014
15,0.0625,1,34,14547
15,0.0625,1,35,14331
15,0.0625,1,36,14411
15,0.0625,1,37,14890
15,0.0625,1,38,14366
15,0.0625,1,39,15156
15,0.0625,1,40,15208
15,0.0625,1,41,15511
15,0.0625,1,42,15963
15,0.0625,1,43,14567
15,0.0625,1,44,16694
15,0.0625,1,45,14980
15,0.0625,1,46,15682
15,0.0625,1,47,15400
15,0.0625,1,48,16578
15,0.0625,1,49,14872
15,0.0625,1,50,14321
15,0.0625,1,51,14567
15,0.0625,2,0,32870
15,0.0625,2,1,36781
15,0.0625,2,2,34600
15,0.0625,2,3,31848
15,0.0625,2,4,34173
15,0.0625,2,5,35280
15,0.0625,2,6,33033
15,0.0625,2,7,32303
15,0.0625,2,8,38026
15,0.0625,2,9,33274
15,0.0625,2,10,34160
15,0.0625,2,11,34438
15,0.0625,2,12,37802
15,0.0625,2,13,33252
15,0.0625,2,14,34949
15,0.0625,2,15,35701
15,0.0625,2,16,36923
15,0.0625,2,17,35499
15,0.0625,2,18,35327
15,0.0625,2,19,35131
15,0.0625,2,20,37477
15,0.0625,2,21,34542
15,0.0625,2,22,32245
15,0.0625,2,23,34238
15,0.0625,2,24,34306
15,0.0625,2,25,33590
15,0.0625,2,26,34941
15,0.0625,2,27,34871
15,0.0625,2,28,35576
15,0.0625,2,29,34057
15,0.0625,2,30,37224
15,0.0625,2,31,37137
15,0.0625,2,32,33996
15,0.0625,2,33,38528
15,0.0625,2,34,36916
15,0.0625,2,35,36102
15,0.0625,2,36,35200
15,0.0625,2,37,38316
15,0.0625,2,38,35984
15,0.0625,2,39,43984
15,0.0625,2,40,41715
15,0.0625,2,41,43577
15,0.0625,2,42,40389
15,0.0625,2,43,43587
15,0.0625,2,44,39837
15,0.0625,2,45,41823
15,0.0625,2,46,42702
15,0.0625,2,47,39191
15,0.0625,2,48,42611
15,0.0625,2,49,39727
15,0.0625,2,50,41364
15,0.0625,2,51,39232
